1,0.000,0.000,0.000,0.000,0.000,0.000,0.000,0.000,0.000,0.000,0.000,0.000
2,1.792,0.000,0.000,0.693,0.000,0.000,0.693,1.099,0.000,0.000,0.000,0.000
3,0.693,0.000,0.000,1.386,1.386,0.693,0.693,0.693,0.000,0.000,0.693,0.000
5,0.693,0.000,0.000,1.099,0.000,0.000,0.000,0.000,0.000,0.000,0.000,0.000
8,0.693,0.000,0.000,0.693,0.000,0.000,0.000,0.000,0.000,0.000,0.000,0.000
12,0.000,0.000,0.000,0.000,0.000,0.000,0.000,0.000,0.000,0.000,0.000,0.000
13,1.099,0.000,0.000,0.000,0.000,0.000,0.000,0.000,0.000,0.000,0.000,0.000
14,0.693,0.000,0.693,0.000,0.000,0.000,0.000,0.000,0.000,0.693,0.000,0.000
16,1.099,0.693,0.000,0.000,0.000,0.000,0.693,0.000,0.000,0.000,0.000,0.000
20,0.000,0.000,0.000,0.000,0.000,0.000,0.000,0.000,0.000,0.000,0.000,0.000
105,0.000,0.000,0.000,0.000,0.000,0.000,0.000,0.000,0.000,0.000,0.000,0.000
174,0.000,0.000,0.000,0.000,0.000,0.000,0.000,0.000,0.000,0.000,0.000,0.000
239,0.000,0.000,0.000,0.000,0.000,0.000,0.000,0.000,0.000,0.000,0.000,0.000
370,1.099,0.000,0.693,0.000,0.000,1.099,0.693,0.000,0.000,0.000,0.000,0.000
442,0.693,0.693,0.000,0.000,0.000,0.000,0.000,0.000,0.000,0.000,0.000,0.000
547,0.000,0.000,0.000,0.000,0.000,0.000,0.000,0.000,0.000,0.000,0.000,0.000
552,0.693,0.000,0.000,0.000,0.000,0.000,0.000,0.000,0.000,0.000,0.000,0.000
559,0.000,0.000,0.000,0.000,0.000,0.000,0.000,0.000,0.000,0.000,0.000,0.000
561,0.000,0.000,0.000,0.000,0.000,0.000,0.000,0.000,0.000,0.000,0.000,0.000
564,0.693,0.000,0.000,0.000,0.000,0.000,0.000,0.000,0.000,0.000,0.000,0.000
565,0.693,0.000,0.000,0.000,0.000,0.000,0.000,0.000,0.000,0.000,0.000,0.000
571,0.000,0.693,0.000,0.000,0.000,0.693,0.000,0.000,0.000,0.000,0.000,0.000
572,0.000,0.693,0.000,0.000,0.000,0.000,0.000,0.000,0.000,0.000,0.000,0.000
578,0.693,0.000,0.000,0.000,0.000,0.000,0.000,0.000,0.000,0.000,0.000,0.000
581,0.000,0.000,0.000,0.693,0.000,0.000,0.000,0.000,0.693,0.000,0.000,0.000
583,0.000,0.000,0.000,0.000,1.386,0.000,0.000,0.000,0.000,0.000,0.000,0.000
584,1.386,0.000,0.000,0.000,0.000,0.000,0.000,0.000,0.000,0.000,0.000,0.000
585,0.693,0.000,0.000,0.000,0.000,0.000,0.000,0.000,0.000,0.000,0.000,0.000
606,0.000,0.000,0.000,0.000,0.000,0.000,0.000,0.000,0.000,0.000,0.000,0.000
616,0.693,0.000,0.000,0.000,0.000,0.000,0.000,0.000,0.000,0.000,0.000,0.000
618,0.000,0.000,0.000,0.000,0.000,0.000,0.000,0.000,0.000,0.000,0.000,0.000
622,0.000,0.000,0.000,0.000,0.000,0.000,0.000,0.000,0.000,0.000,0.000,0.000
628,0.693,0.000,0.000,0.000,0.000,0.000,0.000,0.000,0.000,0.000,0.000,0.000
636,0.000,0.000,0.693,0.000,0.693,0.000,0.000,0.000,0.000,0.000,0.000,0.000
650,0.000,0.000,0.000,0.000,0.000,0.000,0.000,0.000,0.000,0.000,0.000,0.000
661,0.693,0.000,0.000,0.000,0.000,1.099,0.000,0.000,0.000,0.000,0.000,0.000
667,0.000,0.000,0.000,0.000,0.000,0.000,0.000,0.000,0.000,0.000,0.000,0.000
674,0.000,0.000,0.000,0.000,0.000,1.609,0.000,0.000,0.000,0.000,0.000,0.000
679,0.000,0.000,0.000,0.000,0.000,0.000,0.000,0.000,0.000,0.000,0.000,0.000
683,0.000,0.000,0.000,0.000,0.000,0.000,0.000,0.000,0.000,0.000,0.000,0.000
685,0.693,0.000,0.693,0.000,0.000,0.000,0.000,0.000,0.000,0.000,0.000,0.000
689,0.000,0.000,0.000,0.000,0.000,0.000,0.000,0.000,0.000,0.000,0.000,0.000
697,0.000,0.000,0.000,0.000,0.000,0.000,0.000,0.000,0.000,0.000,0.000,0.000
712,0.000,0.000,0.000,0.000,0.693,0.000,0.000,0.000,0.000,0.000,0.000,0.000
715,0.000,0.000,0.000,0.000,0.000,0.000,0.000,0.000,0.000,0.000,0.000,0.000
716,0.000,0.000,0.000,0.000,0.000,0.000,0.000,0.000,0.000,0.000,0.000,0.000
717,0.693,0.000,0.000,0.000,0.000,0.000,0.000,0.000,0.000,0.000,0.000,0.000
721,0.693,0.000,0.000,0.000,0.000,0.000,0.000,0.000,0.000,0.000,0.000,0.693
724,0.000,0.693,0.000,0.000,0.693,0.000,0.000,0.000,0.000,0.000,0.000,0.000
728,0.000,0.000,0.000,0.000,0.693,0.693,0.693,1.099,0.000,0.000,0.000,0.000
729,0.000,0.000,0.000,0.000,0.000,0.000,0.000,0.000,0.000,0.000,0.000,0.000
741,0.000,0.000,0.000,0.000,0.000,0.000,0.000,0.000,0.000,0.000,0.000,0.000
743,0.000,0.000,0.000,0.000,0.000,0.000,0.000,0.000,0.000,0.000,0.693,0.000
747,1.609,0.693,0.000,0.693,0.000,0.000,0.000,0.693,0.000,0.693,1.099,0.693
748,0.000,0.000,0.000,0.000,0.000,0.000,0.000,0.000,0.000,0.000,0.000,0.000
749,0.000,0.000,0.000,0.000,0.000,0.000,0.000,0.000,0.000,0.000,0.000,0.000
750,0.000,0.000,0.000,0.000,0.000,0.000,0.000,0.000,0.000,0.000,0.000,0.000
751,0.000,1.386,0.000,0.000,0.000,0.000,0.693,0.000,0.000,0.000,0.000,0.000
756,0.693,0.693,0.000,0.693,1.099,0.000,0.693,0.000,0.000,0.000,0.000,0.000
763,0.693,0.000,0.693,0.000,0.000,0.000,0.000,0.000,0.000,0.000,0.000,0.000
769,1.609,0.000,0.000,0.693,0.000,0.000,0.000,0.000,0.000,0.000,0.000,0.000
770,0.693,0.000,0.000,0.000,0.000,0.000,0.000,1.792,0.000,1.099,0.000,0.000
786,0.000,0.000,0.000,0.000,0.693,0.000,0.000,0.000,0.000,0.000,0.000,0.000
789,1.099,0.000,0.000,0.000,0.693,0.000,0.000,0.000,0.000,0.000,0.000,0.000
791,0.000,0.000,0.000,0.000,0.000,0.000,0.000,0.000,0.000,0.000,0.000,0.000
798,0.000,0.693,0.000,0.000,0.000,0.000,0.000,0.000,0.000,0.000,0.000,0.000
802,0.000,0.000,0.000,0.000,0.000,0.000,0.000,0.000,0.693,0.000,0.000,0.000
805,0.000,0.000,0.000,0.000,0.693,0.000,0.000,0.000,0.000,0.000,0.000,0.000
812,0.693,0.000,0.000,0.000,0.000,0.000,0.000,0.000,0.000,0.000,0.000,0.000
815,0.000,0.000,0.693,0.000,0.000,0.000,0.000,0.000,0.693,0.000,0.000,0.000
829,0.693,0.000,0.000,0.000,0.000,0.000,0.000,0.000,0.000,0.000,0.000,0.000
838,0.693,0.000,0.000,0.693,1.099,0.000,0.000,0.000,0.000,0.000,0.000,0.000
865,0.000,0.000,0.000,0.000,0.000,0.000,0.000,0.000,0.000,0.000,0.000,0.000
942,0.000,0.000,0.000,0.000,0.000,0.000,0.000,0.000,0.000,0.000,0.000,0.000
1011,0.000,0.000,0.000,0.000,0.000,0.000,0.000,0.000,0.000,0.000,0.000,0.000
1052,0.000,0.000,0.000,0.000,0.000,0.000,0.000,0.000,0.000,0.000,0.000,0.000
1084,0.000,0.000,0.000,0.000,0.000,0.000,0.000,0.000,0.000,0.000,0.000,0.000
1174,0.000,0.000,0.000,0.000,0.000,0.000,0.000,0.000,0.693,0.000,0.000,0.000
1280,0.000,0.000,0.000,0.000,0.000,0.000,0.000,0.000,0.000,0.000,0.000,0.000
1294,1.099,0.000,0.000,0.000,0.000,0.000,0.693,0.000,0.000,0.000,0.693,0.693
1296,0.000,0.000,0.000,0.000,0.000,0.000,0.000,0.000,0.000,0.000,0.000,0.000
1301,0.000,0.000,0.000,0.000,0.000,0.000,0.000,0.000,0.000,0.000,0.000,0.000
1310,0.000,0.000,0.000,0.000,0.000,0.000,0.000,0.000,0.000,0.000,0.693,0.000
1314,0.000,0.000,0.000,0.000,0.000,0.000,0.000,0.000,0.000,0.000,0.000,0.000
1318,0.693,0.000,0.000,0.000,0.000,0.000,0.693,0.000,0.000,0.000,0.000,0.000
1338,0.000,0.693,0.000,0.000,0.000,0.000,0.000,0.000,0.000,0.000,0.000,0.000
1339,0.693,0.000,0.000,0.000,0.000,0.000,0.693,0.693,0.000,0.000,0.000,0.693
1343,0.000,0.000,0.000,0.000,0.000,0.000,0.000,0.000,0.000,0.000,0.000,0.000
1366,0.693,0.000,0.000,0.693,0.000,0.693,0.693,0.000,0.000,0.000,0.000,0.693
1741,0.000,0.000,0.000,0.000,0.000,0.000,0.000,0.000,0.000,0.000,0.000,0.000
1761,0.000,0.000,0.000,0.000,0.000,0.000,0.000,0.000,0.000,0.000,0.000,0.000
1765,0.000,0.000,0.000,0.000,0.000,0.000,0.000,0.000,0.000,0.000,0.000,0.000
2284,0.000,0.000,0.000,0.000,0.000,0.000,0.000,0.000,0.000,0.000,0.000,0.000
2836,0.000,0.000,0.000,0.000,0.000,0.000,0.000,0.000,0.000,0.000,0.000,0.000
2859,0.693,0.000,0.000,0.000,0.000,0.000,0.000,0.000,0.000,0.000,0.000,0.000
2881,0.000,0.000,0.000,0.000,0.000,0.000,0.000,0.000,0.000,0.000,0.000,0.000
2896,0.000,0.000,0.000,0.000,0.000,0.000,0.000,0.000,0.000,0.000,0.000,0.000
3098,0.693,0.000,0.000,0.000,0.000,0.000,0.000,0.000,0.000,0.000,0.000,0.000
3100,0.000,0.000,0.000,0.000,0.000,0.000,0.000,0.000,0.000,0.693,0.000,0.000
3122,0.693,0.000,0.000,0.000,0.000,0.000,0.000,0.000,0.000,0.000,0.000,0.000
3134,0.000,0.000,0.000,0.000,0.000,0.000,0.000,0.000,0.000,0.000,0.000,0.000
3183,0.693,0.000,0.000,0.000,0.000,0.000,0.000,0.000,0.000,0.000,0.000,0.000
3207,0.693,0.693,0.693,0.000,1.099,0.000,0.000,0.000,0.000,0.000,0.000,0.000
3210,0.693,0.693,0.000,0.000,0.000,0.000,0.000,0.000,0.000,0.000,0.000,0.000
3211,0.000,0.693,0.000,0.000,0.000,0.000,0.000,0.000,0.000,0.000,0.000,0.000
3212,0.000,0.693,0.000,0.000,0.000,0.000,0.000,0.000,0.000,0.000,0.000,0.000
3213,0.000,0.000,0.000,0.000,0.000,0.000,0.000,0.000,0.000,0.000,0.000,0.000
3214,0.693,0.000,0.000,0.000,0.000,0.000,0.000,0.000,0.000,0.000,0.693,2.773
3216,0.000,0.000,0.000,0.000,0.693,0.000,0.000,0.000,0.693,0.693,0.000,0.693
3218,0.000,0.000,0.000,0.000,0.000,0.000,0.000,0.000,0.000,0.000,0.000,0.000
3219,0.693,0.000,0.000,0.000,0.000,0.000,0.000,0.000,0.000,0.000,0.000,0.000
3221,0.693,0.000,0.000,0.000,1.386,0.000,0.693,0.000,0.000,0.000,0.000,0.000
3224,0.000,0.000,0.000,0.693,1.099,0.693,0.000,0.693,0.000,1.099,0.000,0.000
3225,0.000,0.000,0.000,0.000,0.000,0.000,0.000,0.000,0.000,0.000,0.000,0.000
3226,0.693,0.000,0.000,0.000,0.000,0.000,0.000,0.000,0.000,0.000,0.000,0.000
3232,1.099,0.693,0.000,0.000,0.000,0.000,0.000,0.000,0.000,0.000,0.000,0.000
3233,0.693,0.693,1.099,0.000,0.000,0.693,0.000,0.693,0.000,0.000,0.693,0.000
3235,1.386,0.693,0.000,0.000,0.000,0.000,0.000,0.000,0.000,0.000,0.000,0.000
3237,0.000,0.000,0.000,0.000,0.000,0.000,0.000,0.000,0.000,0.000,0.000,0.000
3241,0.000,0.000,0.000,0.000,0.000,0.000,0.000,0.000,0.000,0.000,0.000,0.000
3243,0.000,0.000,0.000,0.000,0.000,0.000,0.693,0.000,0.000,0.000,0.000,0.000
3244,0.000,0.693,0.000,0.000,0.000,0.000,0.000,0.000,0.000,0.000,0.000,0.000
3247,1.609,0.000,0.000,0.000,0.693,0.000,0.000,0.000,0.000,0.000,0.000,0.000
3249,0.693,0.000,0.000,0.000,0.000,0.000,0.000,0.000,0.000,0.000,0.000,0.000
3252,0.000,0.000,1.099,0.000,0.000,0.000,0.000,0.693,0.000,0.000,0.000,0.693
3253,2.079,0.693,0.000,0.693,0.693,0.000,0.000,0.000,0.000,0.000,0.000,0.000
3257,0.000,0.000,0.000,0.000,0.000,0.000,0.000,0.000,0.000,0.000,0.000,0.000
3267,0.000,0.000,0.000,0.000,1.099,0.000,0.000,0.693,0.000,0.000,0.000,0.000
3268,0.000,0.000,0.000,0.000,0.000,0.693,0.000,0.000,0.000,0.000,0.000,0.000
3282,0.693,0.693,0.000,0.000,0.000,0.693,0.000,0.000,0.000,0.000,0.693,0.000
3288,0.000,0.000,0.000,0.000,0.000,0.000,0.000,0.000,0.000,0.000,0.000,0.693
3293,1.099,0.000,0.000,0.000,0.693,0.000,0.000,0.000,0.000,0.000,0.000,0.000
3294,1.386,0.000,0.000,0.000,0.000,0.000,0.000,0.000,0.000,0.000,0.000,0.000
3305,1.792,0.000,0.000,0.000,0.000,0.000,0.000,0.000,0.000,0.000,0.000,0.000
3316,0.693,0.000,0.000,0.000,0.000,1.099,0.000,0.000,0.000,0.000,0.000,0.000
3323,0.000,0.000,0.000,0.000,0.000,0.000,0.000,0.000,0.000,0.000,0.000,0.000
3418,0.000,0.000,0.693,0.000,0.000,0.000,0.000,0.000,0.000,0.000,0.693,0.000
3542,0.000,0.000,0.000,0.000,0.000,0.000,0.000,0.000,0.000,0.000,0.000,0.000
3577,1.099,0.000,0.693,0.000,1.099,0.000,0.000,0.000,0.000,0.000,0.000,0.000
3611,0.000,0.000,0.000,0.000,0.000,0.000,0.000,0.000,0.000,0.000,0.000,0.000
3618,0.000,0.000,0.000,0.000,0.000,0.000,0.000,0.000,0.000,0.000,0.000,0.000
3648,0.000,0.000,0.000,0.000,0.000,0.000,0.000,0.693,0.000,0.000,0.000,0.000
3918,0.693,0.000,0.000,0.000,0.000,0.000,0.000,0.000,0.000,0.000,0.000,0.000
3980,1.099,0.000,1.386,0.000,0.000,0.693,1.099,0.693,0.000,0.000,0.000,0.000
4000,0.000,0.000,0.000,0.000,0.000,0.000,0.000,0.000,0.000,0.000,0.000,0.000
4004,0.000,0.000,0.000,0.693,0.000,0.000,0.000,0.000,0.000,0.000,0.000,0.000
4005,0.000,0.000,0.000,0.000,0.000,0.000,0.000,0.000,0.000,0.000,0.000,0.000
4245,0.000,0.693,0.000,1.099,0.693,0.000,0.693,0.000,0.000,1.386,0.000,0.000
4246,0.000,0.000,1.099,0.693,0.000,0.000,0.000,0.000,0.000,0.000,0.000,0.000
4700,0.000,0.000,0.000,0.000,0.000,0.000,0.000,0.000,0.000,0.000,0.000,0.000
4701,1.099,0.000,0.000,1.099,0.000,0.693,0.693,0.000,0.000,0.000,0.000,0.000
4702,1.099,0.000,0.000,0.000,0.000,0.000,0.000,0.000,0.000,0.000,0.000,0.000
4704,0.000,0.000,0.000,0.000,0.000,0.000,0.000,0.000,0.000,0.000,0.000,0.000
4833,0.693,0.000,0.000,0.000,0.000,0.000,0.000,0.000,0.000,0.000,0.000,0.000
4836,0.693,0.000,0.000,0.000,0.000,0.000,0.000,0.000,0.000,0.000,0.000,0.000
4841,0.000,0.000,0.000,0.000,0.000,0.000,0.000,0.000,0.000,0.000,0.000,0.000
4847,0.693,0.000,0.000,0.000,0.000,0.000,0.000,0.000,0.000,0.000,0.000,0.000
4862,0.000,0.000,0.000,0.000,0.000,0.000,0.000,0.000,0.000,0.000,0.000,0.000
4869,0.000,0.000,0.000,0.000,0.000,0.000,0.000,0.000,0.000,0.000,0.000,0.000
4870,0.693,0.000,0.000,0.000,1.386,0.693,0.693,1.386,0.000,0.000,0.000,0.693
4886,0.693,0.000,0.000,0.000,0.000,0.000,0.000,0.000,0.000,0.000,0.000,0.000
4887,1.609,0.000,0.693,1.099,0.000,1.099,0.693,1.099,0.000,0.000,0.000,0.000
5258,1.099,0.000,0.000,0.000,0.000,0.000,0.000,0.000,0.000,0.000,0.000,0.693
5367,1.099,0.000,0.000,0.000,0.000,0.000,0.000,0.000,0.000,0.000,0.000,0.000
5541,0.000,1.099,0.000,0.000,0.000,0.000,0.000,0.000,0.000,0.000,0.000,0.000
5724,0.693,0.000,0.000,0.000,0.000,0.000,0.000,0.000,0.000,0.000,0.000,0.000
5895,0.693,0.693,0.000,0.000,0.000,0.000,0.000,0.000,0.000,0.000,0.000,0.000
7863,0.000,0.000,0.000,0.000,0.000,0.000,0.000,0.000,0.000,0.000,0.000,0.000
7864,1.099,0.693,0.000,0.000,0.000,0.000,0.000,0.000,0.000,0.000,0.000,0.000
7866,1.099,1.386,0.693,0.000,0.000,0.000,0.000,0.000,0.000,0.000,0.000,0.000
7869,0.000,0.000,0.000,0.000,0.000,0.000,1.099,0.000,0.693,0.000,0.693,0.000
7871,0.000,0.000,0.000,0.000,0.000,0.000,0.000,0.000,0.000,0.000,0.000,0.000
7872,0.693,0.000,0.000,0.000,0.000,0.000,0.000,0.000,0.000,0.000,0.000,0.000
7873,0.000,0.693,1.099,0.000,0.000,0.000,0.000,0.000,0.000,0.000,0.000,0.693
7876,0.000,0.000,0.000,0.000,0.693,0.693,0.000,0.000,0.000,0.000,0.693,0.000
7877,0.000,0.000,0.693,0.000,0.000,0.000,0.000,0.000,0.000,0.000,0.000,0.000
7887,1.792,0.000,0.000,0.000,0.693,0.000,0.000,0.000,0.693,0.000,0.000,0.693
7888,0.693,0.000,0.000,0.000,0.693,0.000,0.000,0.000,0.000,0.000,0.000,0.000
7889,0.000,0.000,0.000,0.693,0.000,0.000,0.000,0.000,0.000,0.000,0.000,0.000
7890,0.693,0.000,0.000,0.000,0.000,0.000,0.000,0.000,0.000,0.000,0.000,0.000
7892,1.099,0.000,1.099,0.000,0.000,1.099,0.693,0.693,0.000,0.000,0.000,0.000
7893,0.000,0.000,0.000,0.693,0.693,0.000,0.000,0.000,0.000,0.000,0.000,0.000
7895,0.000,0.000,0.000,0.000,0.000,0.000,0.000,0.000,0.000,0.000,0.000,0.000
7896,1.099,0.000,1.386,0.693,0.000,0.000,0.693,0.693,0.000,0.000,0.000,0.000
7900,0.693,0.693,0.000,0.000,0.000,0.000,0.000,0.000,1.099,0.000,0.000,1.099
7901,1.099,0.000,0.000,0.000,0.000,0.000,0.000,0.000,0.000,0.000,0.000,0.000
7903,0.693,0.693,0.000,0.000,0.000,0.000,0.000,0.000,0.000,0.000,0.000,0.000
7905,0.000,0.000,0.000,0.000,0.000,0.000,0.000,0.000,0.000,0.000,0.000,0.000
7909,0.000,1.099,0.693,0.000,0.000,0.693,0.000,0.693,1.946,0.693,0.000,0.000
7926,0.693,0.000,0.000,0.000,0.000,0.000,0.000,0.000,0.000,0.000,0.000,0.000
7927,0.693,0.000,0.000,0.000,0.000,0.000,0.000,0.000,0.000,0.000,0.000,0.000
7930,0.693,0.000,0.000,0.000,0.000,0.000,0.000,0.000,0.000,0.000,0.000,0.000
7935,0.000,0.693,0.693,0.000,0.000,1.099,0.000,0.693,0.000,0.000,0.000,0.000
7940,0.693,0.693,0.000,0.000,0.000,0.000,0.000,0.000,0.000,0.000,0.000,0.000
7941,1.946,0.000,0.000,0.000,0.000,0.000,0.000,0.000,0.000,0.000,0.000,0.000
7942,0.693,0.000,0.000,0.000,0.000,0.000,0.000,0.000,0.000,0.000,0.000,0.000
7946,0.000,0.000,0.000,0.000,0.000,0.000,0.000,1.099,0.693,0.693,0.693,1.386
7947,0.000,0.000,0.000,0.000,0.000,0.000,0.000,0.000,0.000,0.000,0.000,0.000
7956,0.000,0.000,0.000,0.000,0.000,0.000,0.000,0.000,0.000,0.000,0.000,0.000
7964,0.693,1.099,0.693,0.000,0.693,0.693,0.000,0.000,0.000,0.000,0.000,0.000
7974,0.000,0.000,0.000,0.000,0.000,0.000,0.000,0.000,0.000,0.000,0.000,0.000
7980,0.693,0.000,0.000,0.000,0.000,0.000,0.000,0.693,0.000,0.000,0.000,0.000
7981,0.000,0.000,0.000,0.000,0.000,0.000,0.000,0.000,0.000,0.000,0.000,0.000
7982,1.099,0.000,0.000,0.693,0.000,0.000,0.693,0.000,0.000,0.000,0.000,0.000
8752,0.000,0.693,0.000,0.000,0.693,0.000,0.000,0.000,0.000,0.000,0.000,0.000
8753,1.099,0.000,0.000,0.000,0.000,0.000,0.000,0.000,0.000,0.000,0.000,0.000
8754,1.099,0.000,0.000,0.000,0.000,0.000,0.693,0.000,0.000,0.000,0.000,0.000
8755,0.693,0.000,0.000,0.693,0.000,0.000,0.000,0.000,0.000,0.000,0.000,0.000
8756,1.099,0.000,0.000,0.000,0.000,0.000,0.000,0.000,0.000,0.000,0.000,0.000
8757,0.000,0.000,0.693,1.386,1.609,0.693,0.693,0.000,0.000,1.386,0.000,0.000
8763,0.000,0.693,0.000,0.000,0.000,0.000,0.000,0.000,0.000,0.000,0.000,0.000
8767,1.609,1.386,1.099,0.693,0.000,2.079,1.099,1.609,1.099,1.386,0.693,1.386
9021,0.000,0.693,0.000,1.946,1.792,0.693,0.000,0.000,0.000,0.000,0.000,0.000
9022,1.099,0.000,0.000,0.000,0.000,0.000,0.000,0.000,0.000,0.000,0.000,0.000
9023,1.386,0.693,1.099,1.099,1.099,1.609,1.099,0.000,0.000,1.386,1.609,1.386
9024,1.386,0.000,0.000,0.000,0.000,0.000,0.000,0.000,0.000,0.000,1.099,0.693
9025,0.000,1.792,1.099,0.000,1.386,1.946,1.099,1.386,1.386,1.386,2.890,0.693
9026,0.000,0.000,0.693,0.693,0.000,0.000,0.000,0.000,0.693,0.693,1.609,3.178
9027,0.000,0.000,0.000,0.000,0.000,0.000,0.000,0.000,0.000,0.000,0.000,0.000
9028,1.099,0.000,0.000,0.000,0.000,0.000,0.000,0.000,0.000,0.000,0.000,0.000
9029,0.000,0.000,0.000,0.000,0.000,0.000,0.000,0.000,0.000,0.693,0.000,1.386
9030,0.000,0.000,0.000,0.000,0.000,0.000,0.000,0.000,0.000,0.000,0.000,0.000
9031,0.000,0.000,0.000,0.693,1.099,0.000,0.000,0.000,0.000,0.000,0.000,0.000
9032,0.000,0.000,0.000,0.000,0.000,0.000,0.000,0.000,0.000,0.693,0.000,0.000
9033,0.000,1.386,0.000,0.693,1.792,0.693,0.693,0.693,0.693,0.693,0.000,1.099
9034,1.099,1.099,1.946,1.792,2.485,1.099,0.000,0.693,0.000,0.000,0.000,0.000
9035,0.000,0.000,0.000,1.386,1.099,0.693,0.000,0.000,0.000,1.099,0.000,0.000
9036,1.792,0.000,0.000,0.000,0.000,0.000,0.000,0.000,0.000,0.000,0.000,0.000
9037,1.099,0.000,0.000,0.000,0.000,0.000,0.000,0.000,0.000,0.000,0.000,0.000
9039,3.912,0.693,0.000,0.000,0.000,0.000,0.000,0.000,0.000,0.000,0.000,0.000
9046,0.000,0.000,0.693,0.000,0.000,0.000,0.000,0.000,0.000,0.000,0.000,0.693
9048,0.000,0.000,0.000,0.000,0.000,0.000,0.000,0.000,0.000,0.000,0.000,0.693
9051,0.693,1.609,0.000,1.609,1.386,1.946,1.792,1.609,0.693,0.000,1.946,1.386
9055,1.609,0.000,0.000,0.000,0.000,0.000,0.000,0.000,0.000,0.000,0.000,0.000
9057,0.000,0.000,0.000,0.693,0.000,0.000,0.000,0.000,0.000,0.000,0.000,0.000
9059,0.000,0.000,0.000,0.000,0.000,0.000,0.000,0.000,0.000,0.000,0.000,0.000
9060,0.693,0.000,0.000,0.000,0.000,0.000,0.000,0.000,0.000,0.000,0.000,0.000
9064,0.000,0.000,0.000,0.693,0.000,0.000,0.000,0.000,0.000,0.000,0.693,1.386
9065,1.386,0.000,0.000,0.000,0.000,0.000,0.000,0.000,0.000,0.000,0.000,0.000
9068,1.099,0.693,0.000,0.000,0.000,0.000,0.000,0.000,0.000,0.000,0.000,0.000
9069,1.099,0.000,0.000,0.000,0.000,0.000,0.000,0.000,0.000,0.000,0.000,0.000
9070,0.693,0.000,0.000,0.000,0.000,0.000,0.000,0.000,0.000,0.000,0.000,0.000
9089,0.693,0.000,0.000,0.000,0.000,0.000,0.000,0.000,0.000,0.000,0.000,0.000
9090,0.000,0.000,0.000,0.000,0.000,0.693,0.693,0.693,1.386,0.693,0.000,0.000
9091,1.099,0.000,0.693,0.000,0.000,0.000,0.000,0.000,0.000,0.000,0.000,0.000
9092,0.000,0.693,1.099,0.000,0.000,0.693,0.000,1.099,0.000,0.000,0.000,0.000
9101,0.693,0.000,0.000,0.000,0.000,0.000,0.000,0.000,0.000,0.000,0.000,0.000
9103,0.000,0.693,0.000,0.000,0.000,0.693,0.000,0.000,0.000,0.000,0.000,0.000
9105,1.099,0.000,0.000,0.000,0.000,0.000,0.000,0.000,0.000,0.000,0.000,0.000
9106,0.693,0.000,0.000,0.000,0.000,0.000,0.000,0.000,0.000,0.000,0.000,0.000
9109,0.693,0.000,0.000,0.000,0.000,1.099,0.000,0.000,0.000,0.000,0.000,0.000
9118,0.000,0.000,0.000,0.000,0.000,0.000,0.000,0.000,0.000,0.000,0.000,0.000
9119,1.792,1.792,1.946,1.386,1.386,0.693,0.693,1.792,2.398,1.792,0.000,1.946
9120,0.000,0.000,0.000,0.000,0.000,0.000,0.000,0.000,0.000,0.000,0.000,0.000
9121,0.000,0.000,0.000,0.000,0.000,0.000,0.000,0.000,0.000,0.000,0.000,0.693
9122,0.000,0.000,0.000,0.000,0.000,0.000,0.000,0.000,0.000,0.000,0.000,0.000
9123,1.946,1.609,0.693,1.386,1.386,0.693,0.000,1.386,2.197,1.099,0.000,1.609
9124,0.000,0.000,0.000,0.000,0.000,0.000,0.000,0.000,0.000,0.000,0.000,0.000
9126,0.000,0.000,0.000,0.693,0.000,0.000,0.000,0.000,0.000,0.000,0.000,0.000
9128,0.000,0.000,0.000,0.000,0.693,0.000,0.000,0.000,0.000,0.000,0.000,0.000
9129,0.000,0.000,0.000,0.000,0.000,0.000,0.000,0.000,0.000,0.000,0.000,0.000
9136,0.000,0.000,0.000,0.000,0.000,0.000,0.000,0.000,0.000,0.000,0.000,0.000
9137,0.000,0.000,0.000,0.000,0.000,0.000,0.000,0.000,0.000,0.000,0.000,0.000
9138,0.000,0.000,0.000,0.000,0.000,0.000,0.000,0.000,0.000,0.000,0.000,0.000
9141,0.000,0.000,0.000,0.000,0.000,0.000,0.000,0.000,0.000,0.000,0.000,0.000
9143,0.000,0.000,0.000,0.000,0.000,0.000,0.000,0.000,0.000,0.000,0.000,0.000
9146,1.099,0.000,0.000,0.000,0.000,0.000,0.000,0.000,0.000,0.000,0.000,0.000
9147,1.609,1.099,0.000,0.000,1.099,0.693,1.099,0.000,0.000,0.000,0.000,0.000
9150,0.000,1.099,0.000,0.000,0.693,0.000,0.000,0.000,0.000,0.000,0.000,0.000
9154,0.000,0.000,0.000,0.000,0.000,0.000,0.000,0.000,0.000,0.000,0.000,0.000
9155,0.000,0.000,0.000,0.000,0.000,0.000,0.000,0.000,0.000,0.000,0.000,0.000
9156,0.000,0.000,0.000,0.000,0.000,0.000,0.000,0.000,0.000,0.000,0.000,0.000
9158,0.000,0.000,0.000,0.000,0.000,0.000,0.000,0.000,0.000,0.000,0.000,0.000
9160,0.000,0.000,0.000,0.000,0.000,0.000,0.000,0.000,0.000,0.000,0.000,0.000
9161,1.099,0.693,0.693,1.609,1.386,1.386,0.000,0.693,0.000,0.000,0.000,1.386
9164,1.792,0.000,0.693,0.693,1.609,0.000,0.000,0.000,0.000,0.000,0.693,0.000
9165,0.000,0.000,0.000,0.000,0.000,0.000,0.000,0.000,0.000,0.000,0.000,0.000
9169,1.609,0.000,0.000,0.000,0.000,0.000,0.000,0.000,0.000,0.000,0.000,0.000
9173,0.000,0.000,0.000,0.000,0.000,0.000,0.693,1.099,1.386,0.000,0.693,0.000
9174,0.000,0.000,0.000,0.000,0.000,0.000,0.000,0.000,0.000,0.000,0.000,0.000
9179,1.386,1.386,1.386,0.000,0.693,1.386,1.099,0.693,0.000,1.099,0.000,1.386
9180,0.693,0.000,0.000,0.000,0.000,0.000,0.000,0.000,0.000,0.000,0.000,0.000
9181,0.693,0.693,0.000,0.000,0.000,0.000,0.000,0.000,0.000,0.000,0.000,0.000
9182,1.099,0.000,0.000,0.000,0.000,0.000,0.000,0.000,0.000,0.000,0.000,0.000
9183,1.099,0.693,0.000,0.000,0.000,0.000,0.000,0.000,0.000,0.000,0.000,0.000
9184,0.693,0.000,0.000,0.000,1.099,0.000,0.000,0.000,0.000,0.000,0.000,0.693
9186,0.000,0.693,0.000,0.693,0.000,0.000,0.000,0.000,0.000,0.693,0.693,0.693
9187,1.099,1.386,2.197,0.693,1.099,1.792,0.693,0.000,0.693,0.000,0.693,0.000
9189,0.000,0.000,0.000,0.000,1.099,0.000,0.000,0.000,0.000,0.000,0.000,1.609
9193,2.079,1.386,1.099,1.099,1.099,0.000,0.693,1.386,2.303,1.099,2.303,1.386
9195,0.000,0.000,0.000,0.000,0.000,0.000,0.000,0.000,0.000,0.000,0.000,0.000
9197,0.000,0.000,0.000,0.000,0.000,0.000,0.000,0.000,0.000,0.000,0.000,0.000
9198,0.000,0.693,0.000,1.099,1.386,0.693,1.099,1.792,0.000,0.693,0.693,0.000
9200,0.000,0.000,0.000,0.693,0.693,0.693,0.000,0.693,0.000,1.099,0.693,0.000
9201,0.000,0.000,0.000,0.000,0.000,0.000,0.000,0.000,0.000,0.000,0.000,0.000
9207,1.099,0.000,0.000,0.000,0.693,0.000,0.000,0.693,1.386,0.693,0.693,0.000
9209,0.693,0.000,0.000,1.099,0.000,0.000,0.000,1.099,0.693,0.000,0.000,1.099
9212,0.693,0.000,0.000,0.693,0.000,0.693,0.000,1.386,0.693,0.000,1.386,0.000
9213,0.000,0.000,0.000,0.000,0.000,0.000,0.000,0.000,0.000,0.000,0.000,0.000
9217,1.099,0.693,1.099,1.099,0.693,0.000,0.000,0.000,0.000,0.000,0.000,0.000
9220,0.000,0.000,0.000,0.000,0.000,0.000,0.000,0.000,0.000,0.000,0.000,0.000
9223,0.000,0.000,0.000,0.693,0.000,0.000,0.000,0.000,0.000,0.000,0.000,0.000
9224,0.693,0.000,0.000,0.000,0.000,1.099,1.386,0.000,0.693,0.000,0.000,0.000
9225,0.000,0.000,0.000,0.000,0.000,0.000,0.000,0.000,0.000,0.000,0.000,0.000
9232,0.000,0.000,1.386,1.099,0.000,1.099,0.000,0.000,1.609,0.000,0.693,0.693
9236,0.000,0.693,0.000,0.000,0.000,0.000,0.000,0.000,0.000,0.000,0.000,0.000
9239,0.000,0.000,0.000,0.000,0.000,0.000,0.000,0.000,0.000,0.000,0.000,0.000
9240,1.099,1.099,0.000,0.000,0.000,0.000,0.000,0.000,0.000,0.000,0.000,0.000
9242,0.000,0.693,0.000,0.000,0.000,0.000,0.000,0.000,0.000,0.000,0.000,0.000
9243,0.000,0.000,0.000,0.000,0.000,0.000,0.000,0.000,0.000,0.693,0.000,0.000
9244,0.000,0.693,0.000,0.000,0.000,0.000,0.000,0.000,0.000,0.000,0.000,0.000
9245,0.000,0.000,1.099,0.000,0.693,1.099,0.693,1.386,0.000,0.693,1.099,0.693
9246,1.099,0.000,0.000,0.000,0.000,0.000,0.693,0.000,0.000,0.000,0.000,0.000
9248,0.000,0.693,1.386,0.693,0.693,0.000,0.693,0.693,0.000,0.000,0.000,0.000
9249,0.000,0.000,0.000,0.000,0.000,0.000,0.000,0.000,0.000,0.000,0.000,0.000
9251,0.000,1.099,0.693,1.386,0.000,0.000,0.693,0.000,1.386,0.000,0.000,1.099
9252,0.000,0.000,0.000,0.000,0.000,0.000,0.000,0.000,0.693,0.000,0.000,0.000
9254,0.693,1.099,0.693,1.099,0.693,0.000,0.000,0.000,0.000,0.000,0.000,0.000
9255,0.000,1.386,0.693,0.693,0.000,0.693,0.693,2.079,0.000,0.693,0.000,0.000
9256,0.693,0.000,0.000,0.000,0.000,0.000,0.000,0.000,0.000,0.000,0.000,0.000
9257,0.000,0.693,0.000,0.693,0.693,0.000,0.000,0.000,1.099,0.693,1.099,0.000
9258,1.099,0.000,0.000,0.000,0.000,0.000,0.000,0.000,0.000,0.000,0.000,0.000
9261,1.609,0.000,0.000,0.000,0.000,0.000,0.000,0.000,0.000,0.000,0.000,0.000
9263,0.693,0.000,0.000,0.000,0.000,0.000,0.000,0.000,0.693,0.000,0.000,0.000
9269,0.000,0.000,0.000,0.000,0.000,0.000,0.000,0.000,0.000,0.000,0.000,0.000
9271,0.000,0.000,0.693,1.792,0.693,0.693,1.386,0.693,1.099,1.099,0.000,0.693
9273,0.000,0.000,0.000,0.000,0.000,0.000,0.000,0.000,0.000,0.000,0.000,0.000
9275,0.000,1.386,0.693,0.000,0.000,0.000,0.693,0.000,0.000,0.000,0.000,0.000
9276,0.000,0.000,0.000,0.000,0.000,0.000,0.693,0.000,0.000,0.000,0.000,0.000
9277,0.000,0.000,0.000,0.000,0.000,0.000,0.000,0.000,0.000,0.000,0.000,0.000
9280,0.693,1.386,1.609,0.693,1.099,0.000,0.000,0.000,0.000,0.000,0.000,0.000
9281,0.000,0.000,1.099,0.000,0.000,0.000,0.000,0.000,0.000,0.000,0.000,0.000
9285,0.000,0.000,0.000,0.000,0.000,0.000,0.000,0.000,0.000,0.000,0.000,0.000
9317,0.693,0.693,0.693,0.000,0.000,0.693,0.000,0.000,0.000,0.000,0.000,0.000
9321,0.000,0.000,0.000,0.000,0.000,0.000,0.000,0.000,0.000,0.000,0.000,0.000
9324,0.693,0.000,0.000,0.000,0.000,0.000,0.000,0.000,0.000,0.000,0.000,0.693
9326,0.693,1.099,0.693,0.000,0.000,0.000,0.000,0.000,0.000,0.000,0.000,0.000
9327,0.000,0.693,0.693,1.099,0.000,0.000,0.000,0.693,1.099,0.000,0.693,0.693
9328,0.000,0.693,0.693,1.386,0.000,0.000,0.000,0.693,0.000,0.000,0.693,0.000
9331,0.693,0.000,0.000,0.000,0.000,0.000,0.000,0.000,0.000,0.000,0.000,0.000
9332,1.099,1.386,0.693,0.000,0.000,0.000,0.000,0.000,0.000,0.693,0.000,0.000
9336,0.000,0.000,0.000,0.000,0.000,0.000,0.000,0.000,0.000,0.000,0.000,0.000
9338,0.693,1.099,0.000,0.000,0.000,0.000,0.000,0.000,0.000,0.000,0.000,0.000
9341,0.000,0.693,0.000,0.693,0.000,0.000,0.000,0.000,0.000,0.000,0.000,0.000
9345,0.000,0.000,0.693,0.000,0.000,0.000,0.000,0.000,0.000,0.000,0.000,0.000
9366,0.693,0.693,0.693,0.693,0.000,0.693,0.000,0.000,0.000,0.000,0.000,0.000
9367,0.693,0.000,0.000,0.000,0.000,0.000,0.000,0.000,0.000,0.000,0.000,0.000
9368,0.693,0.000,0.000,0.000,0.000,0.000,0.000,0.000,0.000,0.000,0.000,0.000
9373,0.000,0.000,0.000,0.000,0.000,0.000,0.000,0.000,0.000,0.000,0.000,0.000
9374,0.000,0.000,0.693,0.000,1.386,0.000,0.000,0.000,0.000,0.000,0.000,0.000
9454,0.000,0.693,0.693,0.000,0.000,0.000,0.000,0.000,0.000,0.000,0.000,0.000
9455,0.000,0.693,0.000,0.000,0.000,0.000,0.000,0.000,0.000,0.000,0.000,0.000
9457,0.000,0.693,0.693,0.000,0.000,0.000,0.000,0.000,0.693,0.000,0.000,0.000
9459,1.099,0.693,0.000,0.000,0.000,0.693,0.000,0.000,0.000,0.693,0.000,0.693
9540,0.000,0.000,0.000,0.000,0.000,0.000,0.000,0.000,0.000,0.000,0.000,0.000
9629,0.000,0.693,1.099,0.693,0.000,1.099,1.099,0.000,0.693,0.693,0.000,0.000
9635,0.000,0.000,0.000,0.000,0.000,0.000,0.000,0.000,0.000,0.000,0.000,0.000
9658,1.099,1.792,1.386,1.609,1.099,0.693,0.000,1.386,0.000,0.693,0.693,1.386
9659,0.693,0.693,0.000,0.000,0.000,0.000,0.000,0.000,0.000,0.000,0.000,0.000
9660,0.000,0.693,0.000,0.000,0.000,0.000,0.000,0.000,0.000,0.000,0.000,0.000
9667,0.693,0.693,0.000,0.000,0.000,0.000,0.000,0.000,0.000,0.000,0.000,0.000
9672,0.693,0.000,0.000,0.000,0.000,0.000,0.000,0.000,0.000,0.000,0.000,0.000
9673,0.693,0.693,0.000,0.000,0.000,0.000,0.693,0.000,1.946,1.099,0.000,0.000
9679,0.000,0.693,0.693,0.693,0.000,0.000,0.000,0.000,0.693,0.693,0.000,0.000
9682,0.000,1.099,0.000,0.693,0.693,0.000,0.000,0.000,0.693,0.693,0.693,1.099
9684,0.000,1.099,0.000,0.000,0.000,0.000,0.000,0.000,0.000,0.000,0.000,0.000
9687,0.000,1.099,0.693,0.000,0.000,0.000,0.000,0.000,0.000,0.000,0.000,0.000
9688,0.693,0.693,0.000,0.000,0.000,0.000,0.000,0.693,0.000,0.000,0.000,0.000
9692,1.099,0.000,0.000,0.000,1.099,1.099,0.000,0.693,1.609,1.386,0.693,0.000
9694,0.000,0.693,0.693,0.693,1.792,0.693,0.693,0.000,0.000,0.693,0.693,0.000
9697,0.000,0.000,0.000,0.000,0.000,0.000,0.000,0.000,1.386,0.693,0.000,0.000
9713,0.000,0.693,1.792,1.946,0.693,1.099,1.099,0.000,0.000,0.693,0.693,0.000
9800,0.000,0.000,0.693,0.693,0.000,0.000,0.000,0.693,0.000,0.000,0.000,0.693
9809,0.000,0.693,0.000,0.693,0.693,0.000,0.693,0.000,1.386,1.099,0.000,0.693
9810,0.693,0.000,0.000,0.000,0.000,0.000,0.000,0.000,0.000,0.000,0.000,0.000
9811,0.693,0.693,1.099,1.386,0.693,0.693,0.693,0.000,0.000,0.693,0.000,1.099
9816,0.000,0.000,0.000,0.000,0.000,0.000,0.000,0.693,0.000,0.000,0.000,0.000
9818,0.693,0.000,0.000,0.000,0.000,0.000,0.000,0.000,0.000,0.000,0.000,0.000
9841,0.000,1.099,0.000,0.000,0.000,0.000,0.000,0.000,0.000,0.000,0.000,0.000
9842,1.099,0.693,0.693,0.693,0.693,0.000,0.000,0.000,0.000,0.000,0.000,0.000
9844,0.000,1.099,1.099,1.609,0.693,0.000,0.000,0.000,1.099,0.000,0.000,0.000
9847,0.000,0.693,0.693,0.693,0.000,0.000,0.000,0.000,0.000,0.000,0.000,0.000
9848,0.693,0.000,1.386,1.099,0.000,0.693,0.000,1.099,0.693,0.693,0.000,0.000
9851,0.693,0.000,0.000,0.000,0.000,0.000,0.000,0.000,0.000,0.000,0.000,0.000
9853,0.693,0.000,0.000,0.000,0.000,0.000,0.000,0.000,0.000,0.000,0.000,0.000
9854,0.693,0.693,0.000,0.693,0.000,0.000,0.693,0.000,0.693,1.099,0.693,1.099
9917,1.099,0.693,0.693,0.693,0.693,0.693,0.693,1.099,0.000,0.000,0.000,0.000
9933,0.693,0.000,0.693,0.000,0.000,1.099,0.000,0.693,0.000,0.000,0.693,0.000
9942,0.000,1.099,0.000,0.000,0.000,0.000,0.000,0.000,0.000,0.000,0.000,0.000
9943,2.485,0.693,1.609,0.693,0.693,0.693,1.099,0.693,1.946,0.000,0.000,1.099
9944,0.000,1.386,0.000,0.693,1.099,0.000,1.099,0.693,1.609,0.693,1.099,1.099
9990,0.000,0.693,0.000,1.099,0.693,0.000,0.000,0.693,0.000,0.693,0.000,0.000
9992,0.000,2.079,1.099,0.693,0.000,0.000,1.099,0.000,0.693,0.000,0.000,0.000
9993,0.000,0.693,1.386,0.693,0.693,0.000,0.000,0.000,0.000,0.000,0.693,1.099
9994,0.693,0.693,0.000,0.000,0.000,0.693,0.693,1.099,1.386,0.000,0.000,1.099
9996,0.693,0.000,0.000,0.693,1.099,0.000,0.000,0.693,0.693,1.099,1.099,1.099
10010,0.000,0.693,0.693,0.000,0.693,0.000,0.000,0.693,0.000,0.000,0.000,0.000
10012,0.693,0.693,0.000,0.000,0.693,0.000,0.000,0.000,0.000,0.000,0.000,0.000
10016,0.693,0.693,0.693,0.000,0.000,0.000,0.000,0.000,0.000,0.000,0.000,0.000
10032,0.000,0.000,0.000,0.000,0.000,0.000,0.000,0.000,0.000,0.000,0.000,0.000
10036,0.693,0.693,0.000,0.000,0.000,0.000,0.000,0.000,0.000,0.000,0.000,0.000
10038,0.000,0.000,1.386,1.099,1.099,0.693,0.000,0.000,0.000,0.000,0.000,0.000
10050,0.693,0.000,0.000,0.000,0.000,0.000,0.000,0.000,0.000,0.000,0.000,0.000
10054,1.099,0.693,0.000,0.000,0.000,0.000,0.000,0.000,0.000,0.000,0.000,0.000
10055,0.693,1.099,0.000,0.000,0.000,0.000,0.000,0.000,0.000,0.000,0.000,0.000
10060,1.386,2.485,1.609,2.079,0.693,1.386,1.099,1.609,1.099,0.000,0.000,0.693
10065,1.099,1.609,0.693,0.000,0.000,0.000,1.386,0.693,1.946,0.693,1.386,0.693
10067,0.000,1.386,1.099,0.000,0.000,0.000,0.000,0.000,0.000,0.000,0.000,0.000
10070,0.000,1.792,1.792,1.099,2.079,0.000,0.000,0.693,1.099,0.000,1.386,1.099
10072,1.099,1.099,0.693,0.000,0.000,0.000,0.000,0.000,0.000,0.000,0.000,0.000
10076,0.693,1.609,0.000,1.099,0.693,0.000,0.000,0.693,1.099,0.000,0.693,0.693
10112,0.000,0.000,1.386,1.099,0.000,0.000,0.000,0.000,0.000,0.000,0.000,0.000
10124,0.000,1.099,0.000,0.000,0.000,0.000,0.693,0.000,0.000,0.693,0.693,1.609
10129,0.000,0.693,1.386,0.693,0.000,0.000,0.693,1.099,0.693,0.000,0.693,1.386
10133,1.099,1.099,0.000,0.000,0.000,0.000,0.000,0.000,0.000,0.000,0.000,0.000
10138,0.693,1.386,0.000,1.386,0.000,0.000,0.000,0.000,0.000,0.000,0.000,0.000
10141,0.000,0.000,1.099,1.099,0.000,0.693,1.099,0.693,0.693,0.693,0.000,0.693
10150,0.693,0.000,0.000,0.000,0.000,0.000,0.000,0.000,0.000,0.000,0.000,0.000
10161,0.000,0.000,0.000,0.000,0.000,1.099,0.000,0.000,0.693,0.000,0.000,0.000
10171,0.000,0.000,0.000,0.693,0.000,0.000,0.000,0.000,0.000,0.000,0.000,0.000
10172,1.099,0.000,0.693,0.000,0.000,0.000,0.000,0.000,0.000,0.000,0.000,0.000
10174,0.693,1.099,0.693,0.000,0.000,0.000,0.000,0.000,0.693,0.693,0.693,0.000
10176,0.000,0.000,0.000,0.000,0.000,0.000,0.000,0.000,0.000,0.000,0.000,0.000
10180,0.693,0.000,0.000,0.000,0.000,0.000,0.000,0.000,0.000,0.000,0.000,0.000
10187,0.693,0.000,0.000,0.000,0.000,0.000,0.000,0.000,0.000,0.000,0.000,0.000
10192,0.693,0.000,0.000,0.000,0.000,0.000,0.000,0.000,0.000,0.000,0.000,0.000
10193,0.693,0.000,0.000,0.000,0.000,0.000,0.000,0.000,0.000,0.000,0.000,0.000
10208,0.000,0.693,0.000,0.000,0.000,0.693,0.000,0.000,0.000,0.000,0.000,0.000
10209,1.099,0.000,0.000,0.000,0.000,0.000,0.693,1.099,0.000,0.000,0.000,0.000
10232,0.000,0.000,0.000,0.000,0.693,0.000,0.000,0.000,0.000,0.000,0.000,0.000
10233,0.000,0.693,0.000,0.693,0.000,0.693,0.000,0.000,0.000,0.000,0.000,0.000
10234,0.000,0.000,0.000,0.000,0.000,0.000,0.000,0.000,0.000,0.000,0.000,0.000
10235,1.099,0.693,0.000,0.000,0.000,0.000,0.000,0.000,0.000,0.000,0.000,0.000
10236,1.386,0.000,0.000,0.000,0.000,0.000,0.000,0.000,0.000,0.000,0.000,0.000
10238,0.693,0.000,0.000,0.000,0.000,0.000,0.000,0.000,0.000,0.000,0.000,0.000
10240,0.693,0.000,0.000,0.000,0.000,0.000,0.000,0.000,0.000,0.000,0.000,0.000
10241,0.693,0.693,0.000,0.000,0.000,0.000,0.000,0.000,0.000,0.000,0.000,0.000
10242,0.000,0.000,0.000,0.000,0.693,0.000,0.000,0.000,0.000,0.000,0.000,0.000
10243,0.693,0.693,0.693,0.000,0.693,0.693,0.693,0.000,0.000,0.000,0.000,0.000
10246,0.000,0.000,0.000,0.000,0.000,0.000,0.000,0.693,0.000,0.000,0.000,0.000
10247,0.000,0.000,1.099,0.000,0.000,0.000,0.000,0.000,0.000,0.000,0.000,0.000
10248,0.000,0.000,0.693,0.000,0.000,0.000,0.000,0.000,0.000,0.000,0.000,0.000
10252,0.000,0.693,0.000,0.000,0.000,0.000,0.000,0.000,0.000,0.000,0.000,0.000
10253,1.099,0.693,1.099,1.099,0.000,0.000,0.000,0.693,0.000,0.000,0.000,0.000
10254,0.693,0.693,0.000,0.000,0.000,0.000,0.000,0.000,0.000,0.000,0.000,0.000
10255,0.000,0.693,0.693,0.000,0.000,0.000,0.000,0.000,0.000,0.000,0.000,0.000
10256,1.099,0.000,0.693,0.000,0.000,0.000,0.000,0.000,0.000,0.000,0.000,0.000
10258,0.693,0.000,0.000,0.000,0.000,0.000,0.000,0.000,0.000,0.000,0.000,0.000
10259,0.693,0.000,0.000,0.000,0.000,0.000,0.000,0.000,0.000,0.000,0.000,0.000
10261,0.693,0.693,1.099,0.000,0.000,0.693,0.000,0.693,0.693,0.000,0.000,0.000
10262,0.000,0.693,0.000,0.000,0.000,0.000,0.000,0.000,0.000,0.000,0.000,0.000
10263,0.693,0.000,0.000,0.000,0.000,0.000,0.000,0.000,0.000,0.000,0.000,0.000
10265,0.000,0.000,0.000,0.000,0.000,0.000,0.000,0.000,0.000,0.000,0.000,0.000
10284,0.000,0.000,0.693,0.000,0.000,0.000,0.000,0.000,0.000,0.000,0.000,0.000
10286,0.693,0.000,0.000,0.000,0.000,0.000,0.000,0.000,0.693,0.000,0.000,0.000
10287,0.000,0.000,1.099,0.000,0.000,0.000,0.000,0.000,0.000,0.000,0.000,0.000
10289,0.693,0.000,1.609,0.000,0.000,0.000,0.000,0.000,0.000,0.000,0.000,0.000
10290,0.000,0.000,1.099,0.000,0.000,0.000,0.000,0.000,0.000,0.000,0.000,0.000
10304,0.693,0.693,0.693,0.000,0.000,0.693,0.000,0.693,0.693,0.693,0.000,0.000
10305,0.000,0.000,0.000,0.000,0.000,0.000,0.000,0.000,0.000,0.000,0.693,0.000
10311,0.693,0.000,0.000,0.000,0.000,0.000,0.000,0.000,0.000,0.000,0.693,0.000
10313,0.000,0.000,0.693,0.693,0.000,0.000,0.000,0.000,0.000,0.693,0.000,0.000
10316,0.693,0.000,0.000,0.000,0.000,0.000,0.000,0.000,0.000,0.000,0.000,0.000
10334,0.000,1.099,0.000,0.000,0.000,0.000,0.000,0.000,0.000,0.000,0.000,0.000
10337,0.000,0.693,0.000,0.000,0.000,0.000,0.000,0.000,0.000,0.000,0.000,0.000
10338,0.000,0.693,0.000,0.000,0.000,0.000,0.000,0.000,0.000,0.000,0.000,0.000
10339,0.000,0.693,0.000,0.000,0.000,0.000,0.000,0.000,0.000,0.000,0.000,0.000
10361,0.000,0.000,0.000,0.000,0.000,0.000,0.693,0.000,0.693,1.099,0.000,0.000
10366,0.000,0.693,0.693,0.000,1.099,0.000,0.693,0.693,0.693,0.693,0.000,0.000
10367,0.000,0.000,0.693,0.000,0.000,0.000,0.000,0.000,0.000,0.000,0.000,0.000
10369,0.000,0.000,0.000,0.000,0.000,0.000,0.000,0.000,0.693,0.693,0.693,0.693
10375,0.000,0.000,0.000,0.000,0.000,0.000,0.000,0.000,0.000,0.000,0.000,0.000
10378,0.693,0.000,0.000,0.000,0.000,0.000,0.000,0.000,0.000,0.000,0.000,0.000
10381,0.000,0.000,0.000,0.000,0.000,0.000,0.000,0.000,0.000,0.000,0.000,0.000
10382,0.693,0.000,0.000,0.000,0.000,0.000,0.000,0.000,0.000,0.000,0.000,0.000
10383,0.693,0.000,0.000,0.000,0.000,0.000,0.000,0.000,0.000,0.000,0.000,0.000
10400,0.693,1.099,1.386,0.000,0.000,0.000,0.000,0.000,0.000,0.000,0.000,0.000
10402,1.386,0.000,0.000,0.000,0.693,0.000,0.000,0.000,0.000,0.000,0.000,0.000
10404,0.693,0.000,0.000,0.000,0.000,0.000,0.000,0.000,0.000,0.000,0.000,0.000
10405,0.000,0.000,0.000,0.000,0.000,0.000,0.000,0.000,0.000,0.000,0.000,0.000
10406,1.099,0.693,0.693,0.000,0.000,0.000,0.000,0.000,0.000,0.000,0.000,0.000
10407,1.099,0.693,0.693,0.000,0.000,0.000,0.000,0.000,0.000,0.000,0.000,0.000
10408,0.000,1.099,0.693,0.000,0.693,0.000,0.000,0.000,0.000,0.000,0.000,0.000
10433,0.000,0.000,0.693,1.609,0.000,0.000,0.000,0.000,0.693,0.000,0.000,0.000
10435,0.000,0.000,0.000,0.693,0.000,0.693,0.693,0.693,0.000,0.000,0.000,0.000
10437,0.000,0.000,0.000,0.693,0.693,0.000,0.000,0.000,0.000,0.000,0.000,0.000
10438,0.000,0.000,0.000,0.693,0.000,0.000,0.000,0.000,0.000,0.000,0.000,0.000
10452,0.000,0.000,0.693,0.000,0.000,0.000,0.000,0.000,0.000,0.693,0.000,0.000
10453,0.000,0.000,0.693,0.000,0.000,0.000,0.693,0.000,0.000,0.000,0.000,0.000
10454,0.000,1.099,0.000,0.000,0.000,0.000,0.693,0.000,0.000,0.000,0.000,0.693
10455,0.000,0.693,0.000,0.000,0.000,0.000,0.000,0.693,0.000,0.000,0.693,0.000
10456,0.000,0.000,1.099,0.000,0.693,0.000,1.099,0.000,0.000,0.000,0.693,0.000
10457,0.000,0.000,0.693,0.000,0.000,0.000,0.000,0.000,0.000,0.000,0.000,0.000
10460,0.000,0.000,0.693,0.000,0.000,0.000,0.000,0.000,0.000,0.000,0.000,0.000
10476,0.693,0.000,0.000,0.000,0.000,0.000,0.000,0.000,0.000,0.000,0.000,0.000
10481,0.693,0.693,0.000,0.000,0.000,0.000,0.000,0.000,0.000,0.000,0.693,0.000
10482,0.693,0.000,0.000,0.693,0.000,0.000,0.000,0.000,0.000,0.000,0.000,0.000
10491,0.693,0.693,0.000,0.000,0.000,0.000,0.000,0.000,0.000,0.000,0.000,0.000
10496,1.099,0.000,0.000,0.000,0.000,0.000,0.000,0.000,0.000,0.000,0.000,0.000
10497,0.000,0.000,0.000,0.000,0.000,0.000,0.000,0.000,1.099,0.693,0.000,0.000
10498,0.000,0.693,0.000,0.000,0.000,0.000,0.000,0.000,0.000,0.000,0.000,0.000
10499,0.693,0.000,0.000,0.000,0.000,0.000,0.000,0.000,0.000,0.000,0.000,0.000
10500,0.693,0.000,0.000,0.000,0.000,0.000,0.000,0.000,0.000,0.000,0.000,0.000
10501,0.693,0.693,0.000,0.000,0.000,0.000,0.000,0.000,0.000,0.000,0.000,0.000
10502,0.000,0.000,0.000,0.000,0.000,0.000,0.000,0.000,0.000,0.000,0.693,0.000
10507,0.693,0.693,0.000,0.693,0.693,0.000,0.000,0.000,0.000,0.000,0.000,0.000
10509,0.000,0.000,0.000,0.000,0.000,0.000,0.000,0.000,0.000,0.693,0.000,0.000
10510,0.000,0.693,0.000,0.000,0.000,0.000,0.000,0.000,0.000,1.099,0.000,0.000
10512,0.693,0.000,0.000,0.000,0.000,0.000,0.000,0.000,0.000,0.000,0.000,0.000
10513,0.000,0.000,0.000,0.000,0.000,0.000,0.000,0.000,0.000,0.000,0.693,0.000
10517,0.000,0.693,0.000,0.000,0.000,0.693,0.000,0.000,0.000,0.693,0.693,0.000
10519,0.000,0.000,0.000,0.693,0.000,0.000,0.000,0.000,0.000,0.000,0.000,0.000
10520,0.000,0.000,0.000,0.000,0.693,0.000,0.000,0.000,0.000,0.000,0.693,0.000
10537,0.000,0.000,0.000,0.000,0.000,0.000,0.000,0.000,0.000,0.000,0.000,0.000
10544,0.693,0.000,0.000,0.000,0.000,0.000,0.000,0.000,0.000,0.000,0.000,0.000
10547,0.693,0.000,0.000,0.000,0.000,0.000,0.000,0.000,0.000,0.000,0.000,0.693
10557,0.693,0.000,0.000,0.000,0.000,0.000,0.000,0.000,0.000,0.000,0.000,0.000
10597,0.000,0.693,0.000,0.000,0.000,0.000,0.000,0.000,0.000,0.000,0.000,0.000
10598,0.000,0.000,0.693,0.000,0.000,0.000,0.000,0.000,0.000,0.000,0.000,0.000
10599,0.000,0.693,0.693,0.000,0.000,0.000,0.000,0.000,0.000,0.000,0.000,0.000
10600,0.000,0.000,0.693,0.000,0.000,0.000,0.000,0.000,0.000,0.000,0.000,0.000
10601,0.000,0.693,0.000,0.000,0.000,0.000,0.000,0.000,0.000,0.000,0.000,0.000
10604,0.000,0.693,0.000,0.000,0.000,0.000,0.000,0.000,0.000,0.000,0.000,0.000
10605,0.000,0.000,0.000,0.000,0.000,0.000,0.000,0.000,0.000,0.693,0.000,0.000
10606,0.000,0.000,0.693,0.000,0.000,0.000,0.000,0.000,0.000,0.000,0.000,0.000
10608,0.693,0.693,0.000,0.000,0.000,0.000,0.000,0.000,0.000,0.000,0.000,0.000
10611,0.693,0.000,0.000,0.000,0.000,0.000,0.000,0.000,0.000,0.000,0.000,0.000
10612,0.000,0.000,0.000,0.000,0.000,0.000,0.000,0.000,0.000,0.693,0.000,0.000
10637,0.000,0.693,0.000,0.693,0.000,0.000,0.000,0.000,0.000,0.000,0.000,0.000
10640,0.000,0.693,0.000,0.693,0.000,0.000,0.000,0.000,0.000,0.000,0.000,0.000
10675,0.000,0.000,0.000,0.000,0.000,0.000,0.000,0.000,0.000,0.000,0.000,0.000
10677,0.000,0.000,0.693,0.000,0.000,0.000,0.000,0.000,0.000,0.000,0.000,0.000
10701,0.000,0.000,0.000,0.000,0.000,0.000,0.000,0.000,0.000,0.000,0.000,0.000
10703,0.000,0.000,0.693,0.000,0.000,0.000,0.000,0.000,0.000,0.000,0.693,0.000
10725,0.000,1.099,0.000,0.000,0.693,0.000,0.000,0.693,0.000,0.000,0.000,0.000
10728,0.693,0.000,0.000,0.000,0.000,0.000,0.000,0.000,0.693,0.000,0.000,0.000
10729,0.000,0.000,0.000,0.000,0.000,0.693,0.000,0.000,0.000,0.000,0.000,0.000
10732,0.000,0.693,0.000,0.000,0.000,0.693,0.000,0.000,0.000,0.000,0.000,0.000
10740,0.693,0.000,0.000,0.000,0.000,0.000,0.000,0.000,0.000,0.000,0.000,0.000
10744,0.000,0.000,0.000,0.693,0.000,0.000,0.000,0.000,0.000,0.000,0.000,0.000
10760,0.693,0.000,0.000,0.000,0.000,0.000,0.000,0.000,0.000,0.000,0.000,0.000
10781,0.693,0.000,0.000,0.000,0.000,0.000,0.000,0.000,0.000,0.000,0.000,0.000
10875,0.000,0.000,0.693,0.000,0.000,0.000,0.000,0.000,0.000,0.000,0.000,0.000
10883,0.000,0.000,0.693,0.693,0.000,0.000,0.000,0.000,0.000,0.000,0.000,0.000
10890,0.693,0.000,0.000,0.000,0.000,0.000,0.000,0.000,0.000,0.000,0.000,0.000
10897,0.000,0.000,0.000,0.000,0.000,0.000,0.000,0.000,0.000,0.000,0.000,0.000
10945,0.000,0.000,0.000,0.000,0.000,0.000,0.000,0.000,0.000,0.000,0.000,0.000
10950,0.000,0.000,0.000,0.000,0.000,0.000,0.000,0.000,0.000,0.000,0.000,0.000
10975,0.693,0.000,0.000,0.000,0.000,0.000,0.000,0.000,0.000,0.000,0.000,0.000
11179,0.693,0.000,0.000,0.000,0.000,0.000,0.000,0.000,0.000,0.000,0.000,0.000
11213,1.099,0.000,0.000,0.000,0.000,0.000,0.000,0.000,0.000,0.000,0.000,0.000
11219,1.099,0.000,0.000,0.000,0.000,0.000,0.000,0.000,0.000,0.000,0.000,0.000
11236,0.693,0.000,0.000,0.000,0.000,0.000,0.000,0.000,0.000,0.000,0.000,0.000
11241,0.693,0.000,0.000,0.000,0.000,0.000,0.000,0.000,0.000,0.000,0.000,0.000
11459,0.000,0.000,0.000,0.000,0.000,0.693,0.000,0.000,0.000,0.000,0.000,0.000
11469,0.000,0.000,0.000,0.000,0.000,0.000,0.000,0.000,0.000,0.000,0.000,0.000
11483,0.000,0.000,0.000,0.000,0.000,0.000,0.000,0.000,0.000,0.000,0.000,0.000
11539,0.693,0.693,0.000,0.000,0.693,0.693,0.000,0.000,0.000,0.000,0.000,0.000
11545,0.000,0.000,0.000,0.000,0.000,0.000,0.000,0.000,0.000,0.000,0.000,0.000
11556,0.693,0.000,0.000,0.000,0.000,0.000,0.000,0.000,0.000,0.000,0.693,0.000
11568,0.000,0.693,0.000,0.000,0.000,0.693,0.000,0.000,0.000,0.000,0.000,0.000
11585,1.099,0.000,0.000,0.693,0.000,0.000,0.000,0.693,0.000,0.000,0.000,0.000
11595,0.000,0.693,1.386,0.693,0.000,0.000,0.000,0.000,0.000,0.000,0.000,0.000
11599,0.000,1.099,0.000,0.000,0.000,0.000,0.000,0.000,0.000,0.000,0.000,0.000
11610,0.693,0.000,0.000,0.693,0.000,0.000,0.693,0.000,0.000,0.693,0.000,0.000
11615,0.693,0.000,0.000,0.000,0.000,0.000,0.000,1.099,0.000,0.000,0.000,0.000
11617,0.693,0.000,2.197,0.693,0.000,0.000,0.000,0.000,0.000,0.000,0.000,0.000
11622,0.000,0.000,1.609,1.099,0.000,0.000,0.000,0.000,0.000,0.000,0.000,0.000
11625,0.000,0.000,0.000,0.000,0.000,0.000,0.000,0.000,0.000,0.000,0.000,0.000
11633,0.000,0.000,1.792,0.693,0.000,0.000,0.000,0.000,0.000,0.000,0.000,0.000
11634,1.099,0.000,0.000,0.000,0.000,0.000,0.000,0.000,0.000,0.693,0.000,0.000
11638,0.693,0.693,0.000,1.099,0.000,0.693,0.000,0.000,0.000,0.000,0.000,0.693
11642,0.000,0.000,0.000,0.000,0.000,0.693,0.000,0.000,0.000,0.000,0.000,1.099
11646,0.693,0.000,0.000,0.000,0.000,0.000,0.000,0.000,0.000,0.000,0.000,0.000
11648,0.000,0.000,0.000,0.000,0.000,0.000,0.000,0.000,0.000,0.000,0.000,0.000
11649,0.000,0.000,0.000,0.000,0.000,0.000,0.000,0.000,0.000,0.693,0.000,0.000
11660,0.000,0.000,0.000,0.000,0.000,0.000,0.000,0.000,0.000,0.000,0.000,0.000
11663,0.000,0.000,0.000,0.000,0.000,0.000,0.000,0.000,0.000,1.386,0.693,0.000
11664,0.000,0.000,0.693,0.000,0.000,0.000,0.000,0.000,0.000,0.000,0.000,0.000
11667,0.693,0.000,0.693,0.000,0.000,0.000,0.000,0.000,0.000,0.693,0.000,0.000
11669,0.693,0.000,0.693,0.000,0.693,0.000,0.000,0.000,0.693,0.000,0.693,0.000
11679,0.693,0.000,0.000,0.000,0.000,0.000,0.693,0.693,0.693,0.693,0.693,0.000
11685,1.099,0.000,1.099,0.693,0.000,0.693,0.000,0.000,0.000,0.000,0.000,0.000
11686,0.000,0.000,0.693,0.693,0.000,0.000,0.000,0.000,0.000,0.000,0.000,0.000
11696,0.000,0.000,0.000,0.000,0.000,0.000,0.000,0.000,0.000,0.000,0.000,0.000
11698,0.000,0.000,0.693,0.000,0.000,0.000,0.000,0.000,0.000,0.000,0.000,0.000
11706,1.386,0.693,1.099,1.099,0.000,0.000,0.000,0.693,0.000,0.000,0.000,0.000
11714,0.000,0.693,0.000,0.693,1.386,0.000,0.693,0.000,0.000,0.693,0.000,0.000
11718,0.000,0.000,0.693,0.000,0.000,0.000,0.000,0.000,0.000,0.000,0.000,0.693
11722,0.000,0.000,0.000,0.000,0.000,0.000,0.000,0.000,0.000,0.000,0.000,0.000
11723,0.693,0.693,1.099,0.000,0.000,0.000,0.000,0.000,0.000,0.693,0.000,0.693
11724,0.000,0.000,0.000,1.099,0.000,0.000,0.000,0.000,0.000,0.000,0.000,0.000
11727,0.000,0.000,0.000,0.693,0.000,0.000,0.000,0.000,0.693,0.000,0.000,0.000
11729,0.000,0.000,0.000,0.000,0.000,0.000,0.000,0.000,0.000,0.000,0.000,0.000
11731,0.693,0.000,0.693,0.693,0.000,0.000,0.000,0.000,0.000,0.000,0.000,0.000
11737,0.000,0.000,0.000,0.000,0.000,0.000,0.000,0.000,0.000,0.000,0.000,0.000
11740,0.000,0.000,0.000,0.000,0.000,0.693,0.000,0.000,0.000,0.000,0.000,0.000
11741,0.000,0.000,0.000,0.000,0.000,0.000,0.000,0.000,0.000,0.000,0.693,0.000
11744,0.000,0.000,0.000,0.000,0.693,0.000,0.000,0.000,0.000,0.000,0.000,0.000
12083,0.693,0.693,0.000,0.000,0.000,0.000,0.000,0.000,0.000,0.000,0.000,0.693
12084,0.000,0.000,0.000,0.000,0.000,0.000,0.000,0.000,0.000,0.000,1.099,0.000
12085,0.000,0.000,0.000,0.000,0.000,0.000,0.000,0.693,0.000,0.000,0.000,0.693
12103,0.000,0.000,0.000,0.000,0.000,0.000,0.000,0.000,0.000,0.000,0.000,0.000
12139,0.000,0.000,0.000,0.000,0.000,0.000,0.000,0.000,0.000,0.000,0.693,0.000
12143,0.693,0.000,0.000,0.000,0.000,0.000,0.000,0.000,0.693,0.000,1.099,0.000
12144,0.000,0.000,0.000,0.693,0.000,0.000,0.000,0.000,0.693,1.099,0.000,0.000
12148,0.000,0.000,0.000,0.000,0.000,0.693,0.000,0.000,0.000,0.000,0.000,0.000
12150,0.000,0.000,0.000,0.693,0.000,0.000,0.000,0.000,0.000,0.693,0.000,0.000
12208,1.099,0.000,0.693,1.099,0.693,0.000,0.000,0.000,0.000,0.693,0.000,0.000
12210,0.000,0.000,0.000,0.000,0.000,0.000,0.000,0.693,0.000,0.693,0.000,0.000
12212,0.000,0.000,0.000,0.000,0.000,0.000,0.000,0.000,0.000,0.693,0.000,0.000
12378,0.000,0.000,0.693,0.000,0.000,0.000,0.000,0.000,0.000,0.000,0.000,0.000
12380,0.000,0.000,0.000,0.000,0.000,0.693,0.000,0.000,0.000,0.000,0.000,0.000
12438,0.000,0.000,0.000,0.000,0.000,0.000,0.000,0.000,0.693,0.000,0.000,0.000
12439,0.000,0.000,0.000,0.000,0.000,0.000,0.000,0.000,0.000,0.000,1.099,0.000
12442,0.000,0.000,0.000,0.000,0.000,0.000,0.000,0.000,0.000,0.000,0.000,0.000
12443,0.000,0.000,0.000,0.000,0.000,0.000,0.000,0.000,0.000,0.000,0.693,0.000
12447,0.000,0.000,0.000,0.000,0.000,0.000,0.000,0.000,0.000,0.000,0.693,0.000
12448,0.000,0.000,0.000,0.000,0.000,0.000,0.000,0.000,0.000,0.000,0.693,0.000
12453,0.000,0.000,0.000,0.000,0.693,0.000,0.000,0.000,0.000,0.000,0.000,0.000
12454,0.693,0.000,0.000,0.000,0.000,0.000,0.000,0.000,0.000,0.000,0.693,0.000
12455,0.693,0.000,0.000,0.000,0.000,0.000,0.000,0.000,0.000,0.000,0.000,0.000
12456,0.693,0.693,0.000,1.099,0.693,0.000,0.000,0.000,0.000,0.000,0.000,0.000
12457,0.000,0.000,0.000,0.000,0.000,0.000,0.000,0.000,0.000,0.693,0.000,0.000
12458,0.000,0.000,0.000,0.000,0.693,0.000,0.000,0.000,0.000,0.000,0.000,0.000
12459,0.000,0.000,0.693,0.000,0.000,0.000,0.000,0.000,0.000,0.000,0.000,0.000
12460,0.693,0.000,0.693,0.693,0.000,0.000,0.000,0.000,0.000,0.000,0.693,0.693
12463,0.000,0.000,0.000,0.000,0.000,0.000,0.000,0.000,0.000,0.000,0.000,0.000
12464,0.000,0.000,0.000,0.000,0.000,0.000,0.000,0.000,0.000,0.000,0.000,0.000
12481,0.693,0.693,0.000,0.000,0.000,0.000,0.000,0.000,0.000,0.000,0.000,0.000
12486,0.000,0.000,0.000,0.000,0.693,0.693,0.000,0.000,0.000,0.000,0.000,0.693
12492,0.000,0.693,0.000,0.000,0.000,0.000,0.000,0.000,0.000,0.000,0.000,0.693
12504,0.000,0.000,0.000,0.000,0.000,0.000,0.000,0.000,0.000,0.000,0.000,0.000
12507,0.000,0.000,0.000,0.693,0.000,0.000,0.000,0.000,0.000,0.000,0.000,0.000
12509,0.000,0.000,0.000,0.000,0.000,0.000,0.000,0.000,0.000,0.000,0.000,0.000
12511,0.000,0.000,0.000,0.693,0.000,0.000,0.000,0.000,0.000,0.000,0.000,0.000
12515,0.000,0.000,0.000,0.693,0.000,0.000,0.000,0.000,0.000,0.000,0.000,0.000
12516,0.693,0.000,1.386,0.000,0.000,0.000,0.000,0.000,0.000,0.000,0.000,0.000
12530,0.000,0.000,0.000,0.000,0.000,0.000,0.000,0.000,0.000,0.000,0.000,0.000
12532,0.693,0.000,0.000,0.000,0.000,0.000,0.000,0.000,0.693,0.693,0.000,0.000
12533,0.693,0.000,0.000,0.000,0.000,0.000,0.000,0.000,0.000,0.000,0.000,0.000
12538,1.099,0.000,1.099,0.000,0.000,0.000,0.000,0.000,0.000,0.000,0.000,0.000
12541,0.000,0.000,0.693,0.000,0.000,0.000,0.000,0.000,0.000,0.000,0.000,0.000
12542,0.693,0.000,0.693,0.693,0.000,0.000,0.000,0.000,0.000,0.000,0.000,0.000
12565,0.693,0.000,0.000,0.693,0.693,0.693,0.000,0.000,0.000,0.000,0.000,0.000
12582,0.000,0.693,0.000,0.000,0.000,0.000,0.000,0.000,0.000,0.000,0.000,0.000
12584,0.693,0.000,1.099,0.000,0.693,0.000,0.000,0.000,0.000,0.000,0.000,0.000
12585,0.693,0.693,1.386,0.693,0.693,0.000,0.000,0.000,0.000,0.693,0.000,0.000
12598,0.000,0.000,0.000,0.000,0.000,0.000,0.000,0.000,0.000,0.000,0.000,0.000
12599,0.693,0.000,0.000,0.000,0.000,0.000,0.000,0.000,0.000,0.000,0.000,0.000
12600,0.000,0.693,0.000,0.000,0.000,0.000,0.000,0.000,0.000,0.000,0.000,0.000
12604,0.000,0.693,0.000,0.693,0.693,0.000,0.000,0.000,0.000,0.000,0.000,0.000
12608,0.000,0.000,0.000,0.000,0.000,0.000,0.000,0.000,0.000,0.000,0.693,0.000
12613,0.000,0.000,0.000,0.000,0.000,0.000,0.000,0.000,0.000,0.000,0.000,0.000
12616,0.000,0.000,0.000,0.000,0.000,0.000,0.000,0.000,0.000,0.000,0.000,0.000
12620,0.693,0.000,0.000,0.000,1.099,0.000,0.000,0.000,0.000,0.000,0.000,0.000
12627,0.000,0.000,0.693,0.000,0.000,0.000,0.000,0.000,0.000,0.000,0.000,0.000
12645,0.693,0.000,0.693,0.000,0.000,0.000,0.000,0.000,0.000,0.000,0.000,0.000
12652,0.000,0.000,0.000,0.000,0.000,0.000,0.000,0.000,0.000,0.000,0.000,0.000
12655,1.099,0.000,0.693,0.693,0.000,0.000,0.000,0.000,0.000,1.099,0.000,0.000
12656,0.000,0.693,0.693,0.000,0.693,0.000,0.000,0.000,0.000,0.000,0.000,0.000
12657,1.099,0.000,0.000,0.000,0.000,0.000,0.000,1.099,1.099,0.000,0.000,0.000
12665,0.693,0.000,0.000,0.000,0.000,0.000,0.000,0.000,0.693,0.000,0.000,0.000
12671,0.000,0.000,0.693,0.000,0.000,0.000,0.000,0.000,0.000,0.693,0.000,0.693
12684,0.693,0.000,0.693,0.000,0.000,0.000,0.000,0.000,0.000,0.000,0.693,0.000
12685,0.693,0.000,0.693,0.000,0.000,0.000,0.693,0.693,0.000,0.693,0.000,0.000
12686,0.000,0.000,0.693,0.000,0.000,0.000,0.000,0.693,0.000,0.693,0.000,0.000
12687,0.693,0.000,1.099,0.000,0.000,0.000,0.693,0.000,1.099,1.099,0.000,0.000
12688,0.693,0.000,0.693,0.000,0.000,0.000,0.000,0.693,0.000,0.000,0.693,0.000
12689,0.000,0.000,0.000,0.000,0.000,0.000,0.000,0.693,0.000,0.000,0.000,0.000
12694,0.000,0.000,0.693,0.000,0.000,0.000,0.000,0.693,0.000,0.000,0.000,0.000
12696,0.693,0.000,0.000,1.099,0.000,0.693,0.000,0.693,0.000,0.693,0.000,1.386
12698,1.099,0.000,0.000,1.099,0.000,0.000,0.000,0.000,0.000,0.000,0.000,0.000
12699,0.693,0.000,0.000,0.693,1.099,0.000,0.000,0.000,0.000,0.693,0.000,0.000
12706,0.693,0.000,0.000,0.693,0.000,0.693,0.000,0.693,0.000,0.000,0.000,0.693
12708,0.000,0.000,0.000,0.000,0.000,0.693,0.000,0.000,0.000,0.000,0.000,0.000
12721,0.000,0.000,0.000,0.000,0.000,0.000,0.000,0.000,0.000,0.000,0.000,0.000
12727,0.000,0.000,0.000,1.386,0.000,0.693,0.000,0.000,0.000,0.000,0.000,0.000
12731,0.693,0.693,0.000,0.000,0.000,0.000,0.693,0.000,0.693,0.000,0.693,0.000
12740,0.000,0.693,0.693,0.693,0.693,0.693,0.000,0.000,0.000,0.000,0.000,0.000
12741,0.000,0.000,0.000,0.000,0.000,0.000,0.000,0.000,0.000,0.000,0.693,0.000
12742,0.693,0.000,0.000,0.693,0.000,0.693,0.000,0.000,0.000,0.000,0.693,0.000
12751,0.693,0.000,1.099,0.000,0.000,0.693,0.000,0.693,0.693,0.000,0.000,0.000
12754,0.000,0.693,0.000,0.000,0.000,0.000,0.693,0.000,0.693,0.000,0.000,0.000
12756,0.000,0.693,0.000,0.000,0.000,0.000,0.000,0.000,0.000,0.000,0.693,0.000
12757,0.693,0.000,0.693,0.693,0.000,0.000,0.000,0.693,0.000,0.000,0.693,0.000
12758,0.000,0.000,0.693,0.000,0.000,0.000,0.000,0.000,0.000,0.000,0.000,0.000
12759,0.000,0.000,0.000,0.000,0.000,0.000,0.000,0.000,0.000,0.000,0.000,0.000
12760,0.000,0.000,0.693,0.000,0.000,0.000,0.000,0.000,0.000,0.000,0.693,0.000
12761,0.693,0.000,0.693,0.000,0.000,1.099,0.000,0.000,0.000,0.000,0.000,0.000
12762,0.693,0.000,0.693,0.000,0.000,1.099,0.000,0.000,0.000,0.000,0.000,0.000
12763,0.693,0.000,0.693,0.000,0.693,0.000,0.693,0.693,0.000,0.000,0.693,0.000
12764,0.693,0.000,0.693,0.000,0.000,0.000,1.099,0.000,0.000,0.000,0.693,0.000
12765,0.000,0.000,0.000,0.000,0.693,0.000,0.000,0.000,0.000,0.000,0.693,0.693
12768,0.693,0.693,0.000,0.000,0.000,0.000,0.000,0.000,1.099,0.000,1.386,0.693
12772,0.693,0.693,0.000,0.000,0.000,0.000,0.693,0.000,0.000,0.000,1.386,1.099
12774,0.000,0.000,0.000,0.000,0.000,0.000,0.000,0.000,0.000,0.000,0.000,0.000
12775,0.000,0.693,0.000,0.000,0.000,0.000,0.000,0.693,0.000,0.000,0.693,1.099
12778,0.000,0.693,0.000,0.000,0.000,0.693,0.000,0.000,0.000,0.000,0.000,0.000
12779,0.000,0.000,0.000,0.000,0.000,0.000,0.000,0.000,0.000,0.000,0.693,0.000
12848,0.000,0.000,0.000,0.000,0.000,0.000,0.000,0.000,0.000,0.000,0.000,0.000
12850,0.000,0.693,0.693,0.693,0.000,0.000,0.000,0.000,1.099,0.000,0.000,0.000
12851,0.693,0.000,0.693,0.000,0.000,0.000,0.000,0.000,0.000,0.000,0.693,0.000
12860,0.000,0.693,0.000,0.000,0.000,0.000,0.000,0.000,0.000,0.000,0.000,0.000
12871,0.000,0.000,0.000,0.000,0.000,0.000,0.000,0.000,0.000,0.000,0.693,0.000
12872,0.693,0.000,0.000,0.000,0.000,0.000,0.000,0.000,0.000,0.000,0.693,0.000
12874,0.000,0.000,0.000,0.000,0.000,0.000,0.000,0.000,0.000,0.000,0.000,0.693
12878,0.693,0.000,0.000,0.000,0.000,0.693,0.000,0.693,0.000,0.000,0.000,0.000
12888,0.000,0.000,0.000,0.000,0.000,0.000,0.000,0.000,0.000,0.000,0.000,0.000
12889,0.000,0.000,0.000,0.000,0.000,0.000,0.000,0.000,0.000,0.000,0.000,0.000
12890,0.693,0.000,0.000,0.000,0.000,0.000,0.000,0.000,0.000,0.000,0.693,0.000
12898,0.000,0.693,0.000,0.000,0.000,0.000,0.000,0.000,0.000,0.000,0.000,0.693
12905,0.000,0.000,0.000,0.693,0.000,0.000,0.000,0.000,0.000,0.693,0.000,0.000
12910,0.000,0.000,0.000,0.000,0.000,0.000,0.000,0.000,0.000,0.000,0.000,0.000
12920,0.000,0.000,0.000,0.693,0.693,0.693,0.000,0.000,0.000,0.000,0.000,0.000
12921,0.000,0.000,0.000,0.000,0.000,0.693,0.000,0.000,0.000,0.000,0.000,0.000
12930,0.693,1.099,0.000,0.000,0.000,0.000,0.000,0.000,0.000,0.000,0.000,0.000
12931,0.693,0.000,0.000,0.000,0.000,0.000,0.000,0.000,0.000,0.000,0.000,0.693
12934,0.000,0.000,0.000,0.693,0.000,0.000,0.000,0.000,0.000,0.000,0.000,0.000
12936,0.693,0.000,0.693,0.000,0.000,0.000,0.000,0.000,0.000,0.000,0.000,0.000
12938,0.000,0.000,0.693,0.000,0.000,0.000,0.000,0.000,0.000,0.000,0.000,0.000
12945,0.000,0.000,0.000,0.000,0.000,0.000,0.000,0.000,0.000,0.000,0.000,0.000
12949,0.000,0.000,0.000,0.000,0.000,0.000,0.000,0.000,0.000,0.000,0.000,0.000
12950,0.000,0.000,0.000,0.000,0.000,0.000,0.000,0.000,0.000,1.099,0.000,0.693
12951,0.000,0.000,0.000,0.000,0.000,0.000,0.000,0.000,0.000,0.000,0.000,0.000
12952,0.000,0.000,0.000,0.000,0.000,0.000,0.000,0.000,0.000,1.099,0.000,0.000
12954,0.000,0.000,0.000,0.000,0.000,0.000,0.000,0.000,0.000,0.693,0.000,0.000
12981,0.693,0.000,0.693,0.693,0.000,0.000,0.000,0.000,0.000,1.386,0.000,0.693
13013,0.000,0.000,0.693,0.000,0.000,0.000,0.000,0.000,0.000,0.000,0.000,0.000
13026,0.693,0.693,0.000,0.000,0.000,0.000,0.000,0.000,0.000,0.000,0.000,0.000
